
    [
        {
            "date": "2014-01-08",
            "value": 500
        },
        {
            "date": "2014-01-09",
            "value": 500
        },
        {
            "date": "2014-01-10",
            "value": 400
        },
        {
            "date": "2014-01-11",
            "value": 500,
            "dead": true
        },
        {
            "date": "2014-01-12",
            "value": 400
        },
        {
            "date": "2014-01-13",
            "value": 430
        },
        {
            "date": "2014-01-14",
            "value": 410
        },
        {
            "date": "2014-01-15",
            "value": 200,
            "dead": true
        },
        {
            "date": "2014-01-16",
            "value": 500
        },
        {
            "date": "2014-01-17",
            "value": 100
        },
        {
            "date": "2014-01-18",
            "value": 30
        },
        {
            "date": "2014-01-19",
            "value": 300
        },
        {
            "date": "2014-01-20",
            "value": 200
        }
    ]
